request_id,prediction
t3_i8iy4,0.219304947827113
t3_1mfqi0,0.22583464115493
t3_lclka,0.217812112514523
t3_1jdgdj,0.235322994382805
t3_t2qt4,0.217812112514523
t3_pvojb,0.254144907287921
t3_142n4c,0.2244570811707
t3_17rja6,0.263179014003503
t3_1lg6u2,0.219349339064009
t3_1b0mtx,0.246966246616674
t3_mmivq,0.231166378256483
t3_11ux2a,0.219462060304525
t3_klige,0.221960518925669
t3_1iv3cj,0.234532433649473
t3_13dh0w,0.235517738913337
t3_li326,0.218724728708367
t3_xww8y,0.217812112514523
t3_kogen,0.217812112514523
t3_ik8w1,0.247646793078269
t3_j3nnl,0.364855233896771
t3_j6xvd,0.222511993300047
t3_1lsrj5,0.493796544119396
t3_idld7,0.217812112514523
t3_y6amf,0.390015017406421
t3_hl0ft,0.230979709247497
t3_jg6yk,0.217812112514523
t3_1k5ss6,0.237615226587072
t3_u6i4z,0.281813490701437
t3_ltuhq,0.221026420224698
t3_1m2om7,0.301133855069063
t3_hgdtf,0.239262232084653
t3_w89lu,0.275064092614455
t3_ifk6u,0.218666143964613
t3_18c4e9,0.228674395492607
t3_133rk6,0.217812112514523
t3_icpa2,0.217812112514523
t3_tllxh,0.360822018935445
t3_ibvic,0.217812112514523
t3_153cst,0.225726652911365
t3_115vox,0.219945420017117
t3_n318c,0.239373029291667
t3_ojy6r,0.219011957221498
t3_wziql,0.217990436886448
t3_jiwx8,0.217812112514523
t3_ibsyq,0.217812112514523
t3_v07fz,0.225837815583825
t3_us9ho,0.230104228662664
t3_1l120o,0.222341617327722
t3_1avwr4,0.252535531386405
t3_11pdxt,0.219397269539229
t3_1eg6hz,0.228726366598975
t3_nfom9,0.223940948249638
t3_qaf9d,0.244194310371997
t3_15dl3p,0.221580988466837
t3_1ietp9,0.244773142958008
t3_if8os,0.217812112514523
t3_irugk,0.242716160243635
t3_i5liz,0.22090270800952
t3_1indge,0.312469415535805
t3_1j6smi,0.221950902302239
t3_1lxyig,0.232140970069589
t3_hecc7,0.220572060578606
t3_14tiyz,0.228725624041578
t3_k1z07,0.220364073791383
t3_10wwjr,0.217812112514523
t3_lvs72,0.228243074957806
t3_18u12f,0.247542653203329
t3_yftil,0.221369354997016
t3_i20wz,0.236015940364109
t3_zs6gr,0.217812112514523
t3_17rugq,0.232226852113674
t3_10cmhw,0.245637376586176
t3_1jgj8g,0.220749564571226
t3_16q2jp,0.283055441230242
t3_1hbpnz,0.220679551180501
t3_1737ki,0.231290204568114
t3_pfl37,0.22692948599936
t3_qg1wv,0.470175786102497
t3_wcupv,0.217812112514523
t3_14gsx5,0.257505427863041
t3_xzsu3,0.218157654217848
t3_1lnsb4,0.34618036841542
t3_iympu,0.228099179814387
t3_k9o6g,0.22330901359486
t3_1ktbje,0.228056333307926
t3_zuow2,0.221060751542714
t3_16tazw,0.225173142833738
t3_pvl3a,0.233797379763662
t3_11a45a,0.219015245856085
t3_187gk8,0.217812112514523
t3_jrtbz,0.225911940525647
t3_lagsc,0.218093966559197
t3_rt9rt,0.29390231261491
t3_15qz4q,0.255482253682661
t3_hz1m5,0.219224974789713
t3_119agf,0.217812112514523
t3_k70hk,0.218177203564859
t3_i2xbl,0.217901208897512
t3_10gk0h,0.331354885416548
t3_1mwaf9,0.235290498258617
t3_uwwyl,0.219505621879106
t3_10ca6l,0.229668170234385
t3_1h4mik,0.332082012362123
t3_i0qp5,0.223837897473619
t3_krx89,0.375373748846329
t3_ibtwa,0.229635000843396
t3_11tb71,0.217812112514523
t3_sfrhj,0.218625445911467
t3_jncp2,0.293702041062851
t3_t7qee,0.233151060628118
t3_zxawy,0.475635140018935
t3_id14p,0.217812112514523
t3_1by9im,0.235225797884103
t3_hwxwd,0.21794653602401
t3_jmo2j,0.217812112514523
t3_wc93i,0.237749012338184
t3_qzu7s,0.217812112514523
t3_xn9n8,0.217849285242229
t3_10vrop,0.252737607306659
t3_1crhe7,0.221984359804777
t3_sz4rm,0.217812112514523
t3_micek,0.226172712142326
t3_nbkbt,0.217812112514523
t3_13jofn,0.240559340811673
t3_1fwjjw,0.2234098276935
t3_q2spw,0.217812112514523
t3_v8f7b,0.510589618898616
t3_1cnqfg,0.260783477223826
t3_xn0no,0.251861621580593
t3_ki6jk,0.217812112514523
t3_mbcj7,0.228286555592871
t3_j65lu,0.229445301568739
t3_jm9ld,0.218585634057213
t3_tfo4q,0.225521406674623
t3_1160fi,0.219165782699904
t3_yg7bf,0.368709064375136
t3_naauc,0.294943289584738
t3_14tdkv,0.221870280510133
t3_ozrs5,0.217833804992072
t3_mywtr,0.217812112514523
t3_14bzcp,0.238361758229848
t3_1hwd6l,0.238771846036683
t3_10wbvp,0.218225702894909
t3_1bn2ov,0.220371664451439
t3_14talm,0.226799633080931
t3_13seyz,0.22144382246458
t3_jnywu,0.237793516164626
t3_tdww7,0.226484719353913
t3_vn1l9,0.217812112514523
t3_zhzk6,0.235205940109525
t3_1fyoex,0.231702362007406
t3_11t3kg,0.217812112514523
t3_tubzr,0.217812112514523
t3_1gstqn,0.245875033589582
t3_1euaic,0.217812112514523
t3_ynaia,0.288810414105965
t3_1mwhh9,0.233556971235389
t3_m1y90,0.223213721719805
t3_1je8f1,0.740953470997552
t3_rx4zo,0.280996432752058
t3_1f8kvl,0.217812112514523
t3_1is6ya,0.252353016988799
t3_iai8b,0.217812112514523
t3_1fnw48,0.226868697513645
t3_vmwzf,0.217812112514523
t3_jg8jk,0.217812112514523
t3_12hejm,0.222631813119179
t3_1krjs4,0.219288770457817
t3_k4utv,0.234792255838183
t3_xbitu,0.220973763224304
t3_13y8zq,0.239436933933338
t3_q60gf,0.227013830751933
t3_jb9gi,0.247609960671948
t3_t22lo,0.221473386666149
t3_vptrf,0.278204435289747
t3_1cexg7,0.230767407862796
t3_yuxak,0.217812112514523
t3_kdstl,0.217812112514523
t3_1gy3zk,0.241047536384961
t3_1cn4fz,0.226555218104037
t3_1o5psw,0.523734796229821
t3_1fi04r,0.217812112514523
t3_ovnya,0.217812112514523
t3_puk2v,0.217812112514523
t3_1mwqc3,0.219596313171818
t3_hueth,0.243521816370318
t3_1muyje,0.458200606481758
t3_l5kka,0.217812112514523
t3_1cmihx,0.228357497918624
t3_10j1np,0.217812112514523
t3_sydf2,0.24988574175817
t3_1fcf2h,0.224289826224366
t3_m2id2,0.230637199841438
t3_m0vt8,0.234680512916207
t3_14t7j9,0.222527551714323
t3_1b0jci,0.251171933508906
t3_zsa2t,0.320882717644851
t3_xd60b,0.217871905758436
t3_htzo7,0.217812112514523
t3_1hl0jw,0.218871261791195
t3_19lq75,0.23396696528914
t3_1bp2u8,0.232326281953625
t3_jdxtx,0.249531994678277
t3_j68ur,0.217812112514523
t3_10fo7v,0.22741515975883
t3_18cqfw,0.271240170998832
t3_1bp1we,0.233187889245365
t3_hzzgp,0.230446253992388
t3_jrzko,0.219965920151678
t3_ieglz,0.281226017096134
t3_113kuj,0.231467457443015
t3_ledoj,0.217812112514523
t3_iy36f,0.217812112514523
t3_113qym,0.227364015730073
t3_zha1q,0.217812112514523
t3_16xsqk,0.224500797016057
t3_tq5qq,0.229530994462744
t3_y2qle,0.217812112514523
t3_jafft,0.217812112514523
t3_s6iox,0.220641569592999
t3_vhs8y,0.217812112514523
t3_kyw1u,0.217812112514523
t3_12839n,0.227209667867484
t3_jsaom,0.220935171456634
t3_qmp3p,0.217812112514523
t3_ny3zk,0.223883058417235
t3_lkmwg,0.231083235785638
t3_uhmf8,0.228219284953404
t3_hyr3z,0.227425793752602
t3_pvs82,0.223447301172502
t3_htfi5,0.242763943129321
t3_ltyr4,0.241630739268383
t3_x285o,0.21862557526857
t3_j2fxf,0.218325040314892
t3_lt6l5,0.217812112514523
t3_mlwsc,0.217812112514523
t3_kwlpi,0.225723434634593
t3_susbr,0.245242470351463
t3_13ww4i,0.230630413767126
t3_rs4rl,0.234104255074602
t3_12l3sq,0.217812112514523
t3_1e7zhc,0.24012632585744
t3_14ssun,0.219125826003598
t3_pbh5x,0.230599168661434
t3_1iemsj,0.242063414860684
t3_qdn9m,0.231506520658496
t3_ienvf,0.217848909633813
t3_1ckh9t,0.24385561598971
t3_hwzc2,0.21853480765118
t3_p3lkq,0.243166509104915
t3_icr1j,0.217812112514523
t3_1ipgcx,0.249767309272007
t3_iqw0f,0.217812112514523
t3_1fbfeg,0.321844367872169
t3_j7us6,0.22243407525462
t3_iwany,0.217812112514523
t3_mdhq5,0.225638399040082
t3_wag1s,0.217812112514523
t3_1kvwpq,0.236428478787333
t3_plp25,0.217812112514523
t3_k3qyc,0.222254769516614
t3_12txtd,0.217812112514523
t3_irj2c,0.217838052827393
t3_qnrv7,0.311688334152879
t3_m7bdd,0.222502746787876
t3_10qngl,0.217812112514523
t3_10d4a8,0.231048301651211
t3_w160y,0.231839141243342
t3_lp1ux,0.236797859454164
t3_1i6bna,0.270993365329486
t3_1g74wk,0.244897026623287
t3_18pv4q,0.228421395506266
t3_1epv0f,0.220592108698571
t3_1mvb6s,0.2913057545323
t3_17z37c,0.217812112514523
t3_m6np7,0.220035727327372
t3_11tiox,0.232661916399659
t3_jf55a,0.217812112514523
t3_l3g0s,0.217812112514523
t3_19p6mc,0.237508576177902
t3_xeedv,0.229699819827486
t3_slq9i,0.220701590884675
t3_jirtz,0.239824779385342
t3_tblcz,0.298170049529943
t3_qqud3,0.224100199567225
t3_r06po,0.217812112514523
t3_1l2a9r,0.223694802361005
t3_iefba,0.217812112514523
t3_kbc4h,0.217961938871876
t3_mc7hx,0.219905922057138
t3_1cyxp5,0.480914057200569
t3_1lmc4f,0.287936701279671
t3_wo6p3,0.230419476676299
t3_ojtem,0.217812112514523
t3_k3yrb,0.220002328254514
t3_i8xhn,0.217812112514523
t3_w6xdm,0.240276882773871
t3_1mxpun,0.227039041507311
t3_1lx6vd,0.741837692431912
t3_j8hka,0.235084708021759
t3_xawwv,0.217812112514523
t3_1l19vv,0.237880858667985
t3_j4vbo,0.224159625600392
t3_1ikc0d,0.226690410377895
t3_m6rdr,0.231848798796761
t3_19xxso,0.223078514425242
t3_jt1ti,0.230185314370976
t3_1abab2,0.23015262289169
t3_17rl0y,0.391090805398474
t3_jdfhh,0.22488021814003
t3_1atk3v,0.236501570610082
t3_tglzi,0.217812112514523
t3_1iv6uf,0.236633213918661
t3_p85iu,0.222649652949303
t3_x9v8i,0.217812112514523
t3_mwclc,0.227368448172819
t3_1432t6,0.23085731904684
t3_1732xx,0.230577251426432
t3_uaqw7,0.217812112514523
t3_jwam4,0.223442205203749
t3_143pb1,0.234572615419422
t3_ixmw3,0.284041490675399
t3_roye7,0.226967376460455
t3_1l1b96,0.246543648133121
t3_1lfxmx,0.219793356103925
t3_sm0fi,0.217812112514523
t3_x6xfz,0.218541930102123
t3_1akj1c,0.220790503295457
t3_jzcyp,0.217812112514523
t3_o1gb7,0.217812112514523
t3_1dapt6,0.395748004819677
t3_1a1wmz,0.220143055143812
t3_17apty,0.229652271948616
t3_13fi4r,0.226498389459562
t3_1ly2ne,0.260850910191026
t3_1mvmz3,0.238284512936578
t3_10uh4n,0.225732313544148
t3_1m4s8q,0.294926162818287
t3_wd1bd,0.217812112514523
t3_ifih0,0.217812112514523
t3_1hbxzi,0.237398863526161
t3_qs09d,0.228186505845896
t3_mjf5t,0.217812112514523
t3_12p4qj,0.377306886380973
t3_soea1,0.218758167347345
t3_jly5g,0.218963280704087
t3_1lcmkx,0.225410492907997
t3_1jo0bx,0.218978108718802
t3_1ltp6r,0.222375523029586
t3_181l4t,0.232816487674263
t3_ipzg4,0.217812112514523
t3_js0ju,0.220478414467257
t3_1gveed,0.239191369126227
t3_tozvc,0.218273266168948
t3_1kilzb,0.24558663545019
t3_185vvk,0.23603805168451
t3_m47yc,0.257829288091984
t3_1mg7m1,0.248416482361941
t3_1mdya5,0.2514635869173
t3_19ctqj,0.258342960034956
t3_1mim72,0.237631329268492
t3_iymko,0.223403328486078
t3_opkmm,0.364865509894664
t3_y466n,0.248744330039829
t3_jx9tr,0.217812112514523
t3_10zoec,0.220078424117402
t3_u08u0,0.218626603556837
t3_19ob9z,0.227767289185089
t3_jzkd1,0.217812112514523
t3_q73oq,0.217812112514523
t3_y5vj7,0.222513579049958
t3_y8w7b,0.227181500301787
t3_kxjsp,0.217812112514523
t3_1ivwvt,0.230127475554339
t3_x768a,0.217812112514523
t3_1iv28l,0.241912148744588
t3_1l27b3,0.234186452212993
t3_q1xxo,0.217812112514523
t3_jb6na,0.242369973480009
t3_163bzy,0.281332065920865
t3_qsejn,0.230798661670988
t3_1nbrku,0.476732483239743
t3_1ej7wt,0.229147395807343
t3_zh75s,0.217812112514523
t3_lstm9,0.217812112514523
t3_1j5z7e,0.242753313552428
t3_1574sv,0.275819873691262
t3_wkdxa,0.306995183112092
t3_pl5aj,0.217812112514523
t3_qap6u,0.317460791398381
t3_1gvnj8,0.219402915646303
t3_js9gy,0.240778034763439
t3_is8cd,0.217812112514523
t3_lbl8w,0.219383603049531
t3_uozbx,0.218589021555173
t3_1lxntp,0.224657055049857
t3_11n72r,0.232958298606604
t3_1iez8q,0.224876852969657
t3_ozu7k,0.217831893465196
t3_owy0m,0.217812112514523
t3_1md6b9,0.370980895750379
t3_1ex028,0.261944844374071
t3_1dg2bk,0.219070499242989
t3_hzt8o,0.217812112514523
t3_131n6r,0.217812112514523
t3_1jxgvf,0.336800392272848
t3_jmdya,0.217812112514523
t3_mg1zt,0.217812112514523
t3_j0cz0,0.220284098906714
t3_k1gsx,0.235896572203286
t3_1dmups,0.231038540179196
t3_x959y,0.273914437586599
t3_nnbds,0.237630452343803
t3_13trxv,0.217812112514523
t3_1awfml,0.221273310448434
t3_lyy5x,0.230537380292691
t3_1iwegx,0.219527668391407
t3_193frj,0.228994406499923
t3_1iudup,0.251266221872943
t3_1fwbdg,0.225195135467144
t3_16xtvk,0.348725551895998
t3_1ipepz,0.229193889229476
t3_mhcm8,0.221301081176718
t3_1gq3gs,0.225070546064612
t3_vghwo,0.217812112514523
t3_keseq,0.222423842372383
t3_16z08l,0.41883586754325
t3_mas62,0.217812112514523
t3_1isgm3,0.259956484932192
t3_puwjr,0.217817263947721
t3_liudo,0.217812112514523
t3_jxh9m,0.217880443116048
t3_11yzo2,0.240040926598158
t3_1btj3q,0.314757077173929
t3_lfma1,0.223525923558515
t3_pbyjt,0.227707019191424
t3_1jo4f6,0.237224468046936
t3_yejtx,0.218658845281642
t3_193zoz,0.217812112514523
t3_16w2nh,0.236164042859433
t3_jhmef,0.219845516401577
t3_tlbjk,0.227809880052787
t3_s80om,0.261565984196403
t3_kwrjo,0.221475891442904
t3_1cw1ms,0.27873122135867
t3_uj99i,0.230079491281046
t3_1apdwu,0.222300371643144
t3_iborf,0.217812112514523
t3_12kfy9,0.217812112514523
t3_126tep,0.217812112514523
t3_ji3ca,0.21938077727985
t3_lqnpz,0.243064007918238
t3_ibvn8,0.217812112514523
t3_i50i4,0.221378637847399
t3_lushm,0.217812112514523
t3_iffit,0.217812112514523
t3_12nmdv,0.246147688144447
t3_1lrh6u,0.225696178898509
t3_qvbzt,0.2258985355085
t3_1iez5w,0.225390261521329
t3_ql5gi,0.219446712959322
t3_1msxkn,0.230642056263685
t3_jf2fg,0.221271390532798
t3_1g4lyw,0.277695576120707
t3_1k910y,0.224819493019648
t3_x3cmt,0.218626787532102
t3_x9etl,0.2208147728329
t3_klaa6,0.249542190124721
t3_yht6g,0.217812112514523
t3_y2ljd,0.217812112514523
t3_ialy9,0.245188400384352
t3_naq48,0.236252699030854
t3_107ru4,0.228242622294585
t3_1ihfkx,0.219777826816636
t3_1ll049,0.228926760432152
t3_12nmjl,0.222717888819579
t3_1mit7t,0.226966697403284
t3_1n84jc,0.240186847010209
t3_1boflh,0.222104524076166
t3_121toe,0.228445899888444
t3_umaqa,0.332549689950581
t3_i4ck0,0.217812112514523
t3_193zo3,0.219974459563827
t3_1jggdv,0.294694405176511
t3_lencv,0.22837333102464
t3_1ahfft,0.263610614721735
t3_vpa6p,0.228488561036176
t3_k1yom,0.232343436738035
t3_k4nfr,0.221243296510088
t3_iptt8,0.217812112514523
t3_1n5n9z,0.218061009772408
t3_sss6w,0.224973429251978
t3_jb038,0.229719777151314
t3_v8beo,0.324935572106777
t3_i9qjc,0.217812112514523
t3_uoywy,0.352528127339432
t3_15gf4h,0.229216019088517
t3_z7i98,0.217812112514523
t3_kibv8,0.217812112514523
t3_lope8,0.217812112514523
t3_116umn,0.22104100941961
t3_k31fw,0.217812112514523
t3_yl88m,0.384220362534152
t3_iypmh,0.217812112514523
t3_ihdnr,0.217812112514523
t3_15jy6m,0.227214849522867
t3_1l0j5d,0.217918975035842
t3_1diu6d,0.286207079214544
t3_1fzhzr,0.240038341059493
t3_iclgj,0.221373972976188
t3_1jzcon,0.242586225425894
t3_l2tb0,0.245265741267804
t3_16xpx8,0.221395053714785
t3_1h6hhv,0.247495913160257
t3_10u7w0,0.262385792700658
t3_vnbuw,0.217812112514523
t3_j0p9a,0.217812112514523
t3_z59mf,0.218690742939416
t3_1lozqp,0.245670553073043
t3_mwzrw,0.234378223792164
t3_iri2m,0.222740704846785
t3_qc8g7,0.221370191158972
t3_mkd95,0.271720177737436
t3_yl0d6,0.406970440478185
t3_1gtjtl,0.221643897832672
t3_1l8cy1,0.282339804653698
t3_k0rt7,0.217812112514523
t3_17bfiq,0.23492758145067
t3_10ha4t,0.243523903958288
t3_ylne2,0.217812112514523
t3_q3bzv,0.22148742453719
t3_100ws2,0.219975153765016
t3_wkix8,0.229169928906189
t3_1cqwsx,0.220130430761572
t3_144op5,0.232457836549341
t3_pmvgu,0.226669280667129
t3_16bg93,0.350598082982094
t3_10a2dc,0.217812112514523
t3_pt1qv,0.225359283800794
t3_1na4hu,0.226018412031438
t3_1lt6br,0.225664025875609
t3_152ods,0.226716982727213
t3_1j96zh,0.917630850917531
t3_ialea,0.222696786394487
t3_1kiib3,0.221862350791938
t3_zj8ln,0.224155763907655
t3_1ku1id,0.255477734637492
t3_yq9dd,0.217812112514523
t3_j1ppy,0.2196685818157
t3_12rcts,0.237393056471483
t3_1005cj,0.218539237353447
t3_v10wr,0.22086467573336
t3_10tzmd,0.217812112514523
t3_1j4sg0,0.23820371399444
t3_13y2ou,0.24371102175232
t3_16c7pm,0.278601431995804
t3_jpyr1,0.220725553638444
t3_ynmkd,0.235715623182607
t3_14wvfb,0.237765350856071
t3_qj5j2,0.23503602944601
t3_ys4zk,0.232558067270597
t3_1imxgn,0.268771046400698
t3_ukrwy,0.243516629015314
t3_1b4spk,0.217883464696337
t3_wpp9o,0.226421203701675
t3_s4jhg,0.217812112514523
t3_i2vq7,0.232563578748899
t3_1miz3n,0.243003984639461
t3_1209kl,0.217812112514523
t3_wh0l4,0.222842110343272
t3_lu96s,0.217812112514523
t3_kcfr0,0.217812112514523
t3_1myvpl,0.266761053590679
t3_1l0lpu,0.247976690797792
t3_z1lre,0.222955482067461
t3_1mu7o8,0.248501002196408
t3_zukcs,0.233078566293155
t3_i6vkd,0.237008772723951
t3_kcldp,0.219990714926391
t3_19dhd6,0.240097820725266
t3_1i7c6y,0.222061541558472
t3_seonb,0.220436451854343
t3_rv4en,0.217812112514523
t3_qrwex,0.22046498719601
t3_1mo5ws,0.23015175015827
t3_ndq9f,0.231769175657591
t3_o0l9h,0.218954249893963
t3_tds8d,0.517816182090844
t3_1jde5v,0.220296552060392
t3_12hb73,0.236575984284055
t3_juemz,0.347675762696994
t3_kh34f,0.218654952667701
t3_khwp6,0.22596514619038
t3_iqumh,0.300238283573565
t3_pszmn,0.217812112514523
t3_1mx366,0.231373856108526
t3_jcm20,0.217812112514523
t3_1bbzet,0.223202820977996
t3_iowa1,0.217812112514523
t3_1h1syy,0.238669938265794
t3_myx8u,0.229163237690624
t3_1g7ny0,0.241524212109216
t3_17tkid,0.230220895381562
t3_11hcyw,0.241147661107003
t3_n6qkh,0.223932982951458
t3_tmn3s,0.217812112514523
t3_11v7q2,0.217817701360791
t3_1cd6yv,0.349245407307707
t3_io0oy,0.25633855451466
t3_1hip5p,0.22225775058241
t3_1gkd2i,0.230816029924206
t3_hvgv7,0.226322443083258
t3_m5a39,0.217812112514523
t3_17sl35,0.219105981855843
t3_utp3h,0.225941463564603
t3_10tv7s,0.224060166875763
t3_1a40n4,0.223528419015283
t3_kj8a0,0.21816472844508
t3_1mgrri,0.226627495203479
t3_1nd11h,0.221339354106683
t3_1ldhfb,0.257397014636188
t3_10mo95,0.23040750828674
t3_sx32l,0.232616701931131
t3_pw2mi,0.265339158511078
t3_o7co1,0.217812112514523
t3_16stuw,0.222793661235077
t3_1ctx4r,0.217812112514523
t3_1adx9s,0.228407112340993
t3_il9ks,0.241917794392977
t3_rp169,0.222729622484927
t3_zatki,0.21982417008979
t3_iknip,0.221905285828632
t3_uhoi3,0.217812112514523
t3_uz6m5,0.219418052866742
t3_127wms,0.227145760469804
t3_16bong,0.226375175330966
t3_uz1hn,0.244639569005032
t3_keq0w,0.22521818920765
t3_y3hef,0.217812112514523
t3_iaoch,0.221000455001768
t3_rf6ne,0.236405331687409
t3_1cjpyc,0.225174300832559
t3_t1rba,0.21838102625704
t3_j5td8,0.22355263611502
t3_mpkb2,0.230387948961782
t3_x8k7r,0.229089884525098
t3_ikw4b,0.217812112514523
t3_1784zg,0.226535682304684
t3_it7o4,0.217812112514523
t3_zv8j4,0.227814229818863
t3_12t1lk,0.218717314830793
t3_vjk10,0.226558172229167
t3_khwh9,0.219563572080863
t3_1b7u1o,0.217812112514523
t3_1l2duz,0.235031433780751
t3_wkwew,0.236939622333248
t3_l1klc,0.218018789637545
t3_1epqt0,0.249130279407375
t3_1mvp23,0.241140745240548
t3_tnfo9,0.248649600437238
t3_ka7al,0.226389733733626
t3_wwl2i,0.291949685715993
t3_inkwj,0.217812112514523
t3_ilt19,0.217992466619646
t3_pgs0h,0.217812112514523
t3_iwfey,0.217812112514523
t3_jqgd5,0.30005275607654
t3_qc5o5,0.222595765039364
t3_soims,0.217812112514523
t3_17s4gm,0.217812112514523
t3_1hq0de,0.233146515089253
t3_jigc8,0.217812112514523
t3_1l2vma,0.223013795386012
t3_14t437,0.21961882684421
t3_19jx8n,0.248037708038788
t3_n420r,0.217812112514523
t3_1czpg7,0.220148768270566
t3_ishzm,0.218104159832297
t3_nx2c3,0.218072925188125
t3_1jx4g7,0.241875426445695
t3_12zak9,0.223045747056426
t3_p7o7p,0.21817633548916
t3_u7588,0.217812112514523
t3_icoi3,0.218733175934913
t3_10p6bh,0.217812112514523
t3_j0ert,0.271271605295239
t3_i5pv9,0.217812112514523
t3_ncw61,0.220480029497639
t3_1a6oez,0.222232882370647
t3_15zae8,0.226774305380453
t3_118p7t,0.499372899387534
t3_p1s5g,0.230010250242057
t3_slvkc,0.231634197825616
t3_1n0mel,0.250888918571551
t3_z9a9f,0.217812112514523
t3_vzxe5,0.217812112514523
t3_103oiv,0.217812112514523
t3_14wzoi,0.218380357835766
t3_1ib7b2,0.320078223548925
t3_llyi4,0.217812112514523
t3_1kxzgl,0.232373192057011
t3_ihdep,0.219572865235919
t3_iui32,0.217812112514523
t3_pwu9g,0.223576981523913
t3_1jd4uk,0.240515904440727
t3_iq6md,0.217812112514523
t3_x7u2w,0.399286378312696
t3_1j6vvd,0.227466780802154
t3_103ub7,0.222699621052608
t3_14a8dq,0.245136390915203
t3_m99m6,0.220976883036121
t3_x7oqf,0.217812112514523
t3_1ce5o7,0.238196016951978
t3_1cvjjv,0.234298585226099
t3_1nbngz,0.222654117746988
t3_1a8xdn,0.22660455510081
t3_16yaml,0.217812112514523
t3_1i8aq1,0.23867585968245
t3_15nht5,0.229392626718164
t3_1glm8v,0.228124293092079
t3_l8c3e,0.217812112514523
t3_qgp7g,0.224928659854099
t3_1bbkjj,0.474750359196795
t3_l7tdm,0.247862193992526
t3_oqfw3,0.217812112514523
t3_vn01f,0.22337891689271
t3_j7spk,0.248505006202402
t3_k6wpu,0.236655468076421
t3_wywms,0.232775524990212
t3_1mzwgv,0.467196027409794
t3_1g30en,0.220388175063464
t3_1lqpgs,0.232836556645485
t3_xlntv,0.232640590220005
t3_1jaeay,0.246491627329104
t3_xwkff,0.220530577749648
t3_qble3,0.21811526644312
t3_vgtvb,0.217812112514523
t3_huun2,0.217812112514523
t3_11iwbh,0.236286190586215
t3_saszu,0.218323751719944
t3_17ziw6,0.351256159385758
t3_nfyao,0.258638611650136
t3_zuqs9,0.217812112514523
t3_1aoyt9,0.224082836256887
t3_i5viy,0.221478646596396
t3_1alsyg,0.225147346684809
t3_1i1vg0,0.354335207051452
t3_ot0gt,0.276774691060183
t3_o32bg,0.236192748708329
t3_1ihs5o,0.227459268393622
t3_n6ike,0.2578248506887
t3_19w1fa,0.238765444112356
t3_1iz7w9,0.241579811535563
t3_15irym,0.237818883069532
t3_recpu,0.368229258477753
t3_1bnjaf,0.230566033850199
t3_mn557,0.222585065114034
t3_1iuxw6,0.276912310837266
t3_1eipbs,0.289106360509569
t3_16gm64,0.22448697602828
t3_z10a2,0.217812112514523
t3_jq2qd,0.217812112514523
t3_yl0mo,0.222044522712448
t3_iburr,0.217812112514523
t3_ijk8n,0.217812112514523
t3_jya89,0.251659361297682
t3_mslxz,0.224106601173487
t3_1nuvzh,0.367040370194285
t3_kkd4w,0.232086226375424
t3_qbp6w,0.243218658284493
t3_1g2qc7,0.249708484597387
t3_10fjy1,0.217812112514523
t3_qzqrr,0.226818848968082
t3_sizfg,0.220303749189516
t3_k6dvb,0.346430588233422
t3_jx8c9,0.231064303043056
t3_1l7szl,0.337373330581133
t3_kal40,0.241948320626473
t3_y80tw,0.217812112514523
t3_q087s,0.218047886101643
t3_wcv08,0.219585684157175
t3_11ybtb,0.219046585472663
t3_jb0sr,0.217812112514523
t3_iqyh1,0.223192164017987
t3_vbvas,0.272901976175709
t3_i77kq,0.266843665060078
t3_kn4tz,0.221880319632235
t3_iql59,0.238257422942926
t3_1jtmxq,0.223888134808157
t3_1g4n79,0.220387203607766
t3_18a5ku,0.223423696984525
t3_1eojga,0.236379526513854
t3_qyoqv,0.296704556585612
t3_j0c1a,0.217884894386267
t3_14yxcw,0.280039142684338
t3_16n6pk,0.349233853803291
t3_vmld7,0.217812112514523
t3_19wz0p,0.219970788119524
t3_wh5io,0.231073005004256
t3_wllf8,0.217812112514523
t3_1j8sle,0.490186611171749
t3_ygzwt,0.220564347186417
t3_sf1tx,0.333192365079083
t3_my2jp,0.217812112514523
t3_1csu44,0.220608892378327
t3_1gzwv3,0.809515095045835
t3_14i071,0.217812112514523
t3_mlvt9,0.217812112514523
t3_16bki5,0.23747952419327
t3_1irwdx,0.234493975348108
t3_o9r7b,0.217812112514523
t3_14ul32,0.248439760084385
t3_1i0eh2,0.333129771543017
t3_mqngj,0.223816569979043
t3_1crdrj,0.272899600053389
t3_x5h3j,0.358529671598586
t3_1kud1g,0.218381507980837
t3_iokob,0.217812112514523
t3_lqc45,0.217812112514523
t3_1nbk5w,0.238475466462903
t3_1dqyg1,0.221866891461487
t3_1lxc6a,0.421794495993943
t3_16up9c,0.232961129802848
t3_ki92d,0.217812112514523
t3_xun5w,0.227727032122764
t3_jp37k,0.217812112514523
t3_iw40l,0.236697788266752
t3_1bnc88,0.218094450286091
t3_nf344,0.217812112514523
t3_if7k2,0.217812112514523
t3_jkyp6,0.217812112514523
t3_1cpe20,0.287238502266787
t3_tq16k,0.217812112514523
t3_1dd5tg,0.226105269863699
t3_16smd3,0.238848048991649
t3_uumxf,0.243132094007172
t3_1ihpy4,0.219882368318143
t3_ip2hr,0.568724021160228
t3_pvcnn,0.242477111194976
t3_16kriw,0.237324610870801
t3_lwy5f,0.414860493228721
t3_wy5o2,0.260145487027617
t3_15995m,0.262800223697006
t3_1g80pd,0.234908664566023
t3_vt5ky,0.228215331131113
t3_kpi24,0.247394017828812
t3_15uhsz,0.217812112514523
t3_wy5zu,0.267469274492858
t3_x3kb1,0.22640551253975
t3_j6rym,0.217812112514523
t3_oseds,0.228504212377046
t3_11u31u,0.217812112514523
t3_r167g,0.217812112514523
t3_1dauom,0.333453577397425
t3_11h6ki,0.230636722094502
t3_y9wpd,0.217812112514523
t3_spamz,0.219909419520005
t3_1ikz3c,0.245493719454316
t3_y60rj,0.23203433170588
t3_vctql,0.217856116317802
t3_k50j9,0.218266707451298
t3_iavvx,0.257841504788941
t3_u97ej,0.222580343403058
t3_zeqka,0.217812112514523
t3_ivcii,0.217812112514523
t3_10u1pr,0.217812112514523
t3_ibqzx,0.217822204540613
t3_k1f2x,0.217812112514523
t3_1e9rou,0.225399355266041
t3_ibp27,0.217812112514523
t3_yfron,0.851754366969824
t3_ity9v,0.217812112514523
t3_16tpsb,0.236990067489319
t3_1iwtmh,0.222767704689971
t3_o8a74,0.235110320376048
t3_lqmfy,0.218276466825514
t3_yabhi,0.223613366913541
t3_1gzjki,0.222112431320511
t3_qlw5i,0.223164716586559
t3_1iwu3k,0.249574715973267
t3_wzgke,0.218164133076859
t3_x60uq,0.233908636856221
t3_1n8ya7,0.233067937218548
t3_1mxh2m,0.266380825165431
t3_nuc18,0.217812388145509
t3_n02dy,0.473653158085416
t3_19jb1z,0.222910101376322
t3_1krrqc,0.285433894159431
t3_xuxaw,0.217812112514523
t3_xoqxy,0.238130792852822
t3_1iu6wt,0.236149427201824
t3_1hbjrr,0.235213661175175
t3_14xerk,0.236638285431097
t3_o4np7,0.217812112514523
t3_j6rve,0.236195730853744
t3_zjzx0,0.249300664123636
t3_wdhwu,0.217812112514523
t3_1ii2m8,0.235159638587293
t3_12jnd7,0.217812112514523
t3_noqvy,0.217812112514523
t3_1nbmq4,0.268438084931673
t3_13bycv,0.232608045455619
t3_1d3knr,0.224732879299956
t3_wogdg,0.260775860823159
t3_11q44h,0.233672066913365
t3_12nzg3,0.218174228662983
t3_17tw9t,0.242171079791462
t3_if2lx,0.217812112514523
t3_1jun2m,0.226414983902035
t3_19cylf,0.219513692524373
t3_jt3rn,0.218100831454116
t3_1ibd5b,0.28442974156058
t3_l7cxz,0.217812112514523
t3_1ci2kn,0.217812112514523
t3_lcdp2,0.218053916656432
t3_1lfolk,0.252113522289777
t3_1j8mbe,0.22464506788873
t3_jx8ma,0.217812112514523
t3_1cu42k,0.21925771907966
t3_kalpb,0.223164052290014
t3_12lehd,0.2317285403614
t3_kskxw,0.217821835109416
t3_1n296f,0.264006252562596
t3_lgsol,0.220431499658242
t3_i82id,0.240079168132777
t3_n5ee3,0.242123943428072
t3_mw6mn,0.221996744283152
t3_1c162l,0.388177940961849
t3_ihvtc,0.227409114964742
t3_154oxy,0.219867067894664
t3_kqiam,0.222597215601777
t3_n5s0d,0.238289658996723
t3_10kx56,0.226424855553424
t3_v1zxp,0.356703951761862
t3_11oca5,0.217812112514523
t3_lhtt9,0.290016066521511
t3_o1sex,0.262307485576608
t3_10opxp,0.217812112514523
t3_11l9tf,0.217812112514523
t3_wad1r,0.223524636826813
t3_11ub4a,0.339483919859385
t3_yrhwg,0.224708771533404
t3_wapmb,0.217812112514523
t3_1azh0f,0.232227363448996
t3_1cyenp,0.340721195558562
t3_m4a4w,0.223010398041742
t3_16ei1j,0.327505039584881
t3_17dp7q,0.233446020148726
t3_1b1yue,0.25212802708574
t3_128jt5,0.277696551654245
t3_xbm38,0.250093624310291
t3_1hplyt,0.230858951733095
t3_yhdcj,0.218049653079037
t3_1h7v40,0.218945992201559
t3_qywp7,0.242270480756916
t3_1mjo0g,0.28025371399893
t3_i2gwx,0.226385654114444
t3_x7px3,0.219044954963262
t3_17crrn,0.236061248652592
t3_15muo0,0.228760011613786
t3_iatwz,0.218225172615094
t3_j55ss,0.224979687194613
t3_1ah59z,0.217812112514523
t3_1hg3ju,0.774163956967556
t3_kfdgh,0.217812112514523
t3_l61uc,0.217812112514523
t3_w6c9t,0.21993080930656
t3_m5gfe,0.252445512866697
t3_1nuw9m,0.338287916310028
t3_rc0s8,0.217812112514523
t3_n04lh,0.241237968647751
t3_ozr08,0.222766835624249
t3_k5v9b,0.217812112514523
t3_z1zks,0.217812112514523
t3_q5yda,0.22337666658762
t3_y3xyz,0.217812112514523
t3_julqz,0.217812112514523
t3_14tned,0.228395841908731
t3_11ppkr,0.221802121927808
t3_1cruvk,0.220969978855052
t3_s3iwq,0.227839855552822
t3_iqvav,0.217812112514523
t3_lzc3o,0.217918889818157
t3_wgfco,0.225246329027526
t3_14tp3u,0.218920761729556
t3_pgnfb,0.217812112514523
t3_jf2ir,0.217812112514523
t3_k4gza,0.217812112514523
t3_10wg2c,0.224903335744169
t3_if7p7,0.217812112514523
t3_m45jf,0.229531371680977
t3_uf051,0.225626940088838
t3_17mn5i,0.22454128036976
t3_17gl52,0.218755215909486
t3_iqvla,0.217812112514523
t3_ldki5,0.22069494217638
t3_1126jt,0.334149367443536
t3_mvsb5,0.217812112514523
t3_n32ze,0.247312627480318
t3_gl7ef,0.224870311291368
t3_iug9n,0.217812112514523
t3_1ewdrb,0.238185525344884
t3_tdu8m,0.327865245928084
t3_k91wr,0.220659264619777
t3_r0h5h,0.222462728447625
t3_ifbw5,0.21939906291003
t3_1n7sx3,0.232740959125526
t3_1b5a4p,0.221442644597091
t3_iamq6,0.219714337742779
t3_o6z29,0.217824213074675
t3_jydqo,0.218061751679732
t3_p3ftt,0.219150311214594
t3_pupzc,0.236055347280524
t3_tn97v,0.217812112514523
t3_vqsnl,0.225916916264294
t3_12cxuc,0.223925296500317
t3_1ktx51,0.225931170444685
t3_tydcg,0.218289620923458
t3_hug18,0.272519016044848
t3_mi7ma,0.240724217749947
t3_l67if,0.217812112514523
t3_1lml71,0.228592418204235
t3_otuha,0.217812112514523
t3_1dfe2n,0.219167852398202
t3_zkui3,0.329894993382902
t3_1mh9w4,0.239062179506231
t3_1jp3f1,0.236697157199566
t3_16gr5b,0.229126972816163
t3_mwd82,0.217812112514523
t3_1jn1j6,0.222682318054667
t3_1ezf35,0.221642987111414
t3_1j4ytk,0.22748444562117
t3_ud0gj,0.217812112514523
t3_1f8knc,0.221232311761188
t3_vgool,0.281385469773317
t3_11b1ti,0.217879070388026
t3_1aoz8s,0.222987015433762
t3_1cr1zd,0.243408940396168
t3_yvma1,0.217812112514523
t3_ifzvz,0.217812112514523
t3_sp26r,0.363785972136797
t3_w5b9g,0.222306705811828
t3_ql4hw,0.220835206552441
t3_v1zdc,0.220552866724029
t3_kxz0h,0.267498275220155
t3_wa7hw,0.218572859629319
t3_lgtm6,0.217812112514523
t3_is4sr,0.217812112514523
t3_19b1c5,0.225584707405751
t3_1iv47z,0.225368099257586
t3_1j04eu,0.219084346236304
t3_1jx10i,0.232489214502247
t3_i5o5g,0.234421636333343
t3_1e920k,0.246893310109746
t3_k70pb,0.222902738509469
t3_xko5d,0.224317544826449
t3_1a3vfl,0.249671319296699
t3_1lxybt,0.266523445347616
t3_ldjhu,0.224633757798217
t3_ldeog,0.225991947247913
t3_pfod3,0.223082804116631
t3_193qwb,0.244826410151436
t3_1950v4,0.285806265613409
t3_lzkhn,0.22194992218307
t3_krl47,0.217812112514523
t3_r67bm,0.217812112514523
t3_zaw9z,0.218522216401242
t3_sxko6,0.218337428500632
t3_p8av3,0.224018166440191
t3_inwm2,0.217812112514523
t3_1ihttr,0.235976084651541
t3_j85dp,0.217812112514523
t3_1ag1v5,0.232464003044358
t3_1lu5yo,0.218538343197028
t3_1fj9p3,0.353291159053943
t3_1nv4ks,0.255840032998751
t3_1mdaak,0.220857640450309
t3_1ctxw7,0.23371193451064
t3_1eevnc,0.231158032990817
t3_1ij15g,0.234592945346483
t3_15isv5,0.223039533675169
t3_1lf3me,0.227176937908172
t3_16d2ly,0.22139221850098
t3_1k1xs4,0.218992121316114
t3_ytvgx,0.796979360253331
t3_1ihggu,0.233660235701862
t3_iyq1i,0.217812112514523
t3_j2vji,0.221045755361202
t3_tf9im,0.217812112514523
t3_15ti56,0.219408903993452
t3_zq14r,0.217812112514523
t3_ix9g0,0.218838455069157
t3_sosun,0.220559215226261
t3_13byqo,0.224424491148717
t3_1cf800,0.223524119882586
t3_135fj1,0.229267848168668
t3_1crefk,0.230862833930644
t3_10cvn1,0.244625029989258
t3_sidd8,0.217957627831023
t3_l4o05,0.217812112514523
t3_1irpp0,0.291305515524912
t3_14tboe,0.217812112514523
t3_14vcsz,0.249311449687456
t3_1ik17v,0.227903522483724
t3_1memn0,0.421731776866518
t3_1icup0,0.35838362683034
t3_lhqi7,0.217812112514523
t3_1ipvwk,0.229897486221106
t3_1dlaly,0.22066833182909
t3_zzuu4,0.225238056003158
t3_19cz7c,0.228620111625525
t3_1k64o2,0.234939447222111
t3_1mjpg0,0.246324426138262
t3_iol8h,0.233332560346747
t3_1isd30,0.242670321900669
t3_lj7oy,0.219443816193811
t3_xnm2p,0.296289639250659
t3_1c3v9m,0.231919524081984
t3_s4svv,0.35952868522915
t3_19jlpy,0.239067977102705
t3_19nhbi,0.231284992835958
t3_1gb1to,0.232143376974585
t3_1c8rmz,0.238042397595561
t3_1igt9f,0.309920553320277
t3_1eqmt5,0.226977424565447
t3_rwaf0,0.225023383064338
t3_1kw2e6,0.407104190261809
t3_1jgelh,0.229883864299688
t3_jcq0o,0.217812112514523
t3_172kz4,0.233946295672858
t3_w56fp,0.231244962309753
t3_my16i,0.229301841858924
t3_k0r9x,0.218390066296925
t3_17sczo,0.233436097794007
t3_14im5p,0.311360037383286
t3_1ih8z4,0.221100025958301
t3_qmmdi,0.221968650840307
t3_qgsgw,0.217812112514523
t3_1gdjus,0.261256740485383
t3_k0vt2,0.226541187118743
t3_1jd94m,0.238595638215408
t3_k4z02,0.219643588154618
t3_lp6lv,0.221683124423986
t3_1agayp,0.35256037504259
t3_1b9o16,0.225302075306
t3_17q6f5,0.244990258359421
t3_n39i4,0.224464978116441
t3_pey91,0.234539127769015
t3_125l77,0.217812112514523
t3_150p6t,0.237108187492311
t3_1ig7c8,0.244217980788024
t3_1bd8v3,0.242578982642882
t3_in1tc,0.217812112514523
t3_pcmhh,0.239545125404166
t3_ziw36,0.217812112514523
t3_m489r,0.227703202252111
t3_jxuil,0.22374885094873
t3_i7lvc,0.222760852122456
t3_iq3hd,0.249665987317157
t3_y5tl0,0.229514426632749
t3_1mx6dp,0.231735369129827
t3_17la4f,0.221764591241354
t3_i11au,0.217812112514523
t3_naa39,0.223720759435845
t3_k87gg,0.221873099350276
t3_lrud4,0.243561135386353
t3_11k0ch,0.225161147875358
t3_jjtne,0.217812112514523
t3_1o3fi6,0.26521315748043
t3_qwz21,0.223743199377906
t3_if9kv,0.217812112514523
t3_ino69,0.217812112514523
t3_y36b3,0.241258399735859
t3_ljw7y,0.217812112514523
t3_msmlt,0.217812112514523
t3_1c01o8,0.378420286613819
t3_yk3jz,0.237022863397634
t3_jvh01,0.217812112514523
t3_wgsws,0.217812112514523
t3_lq66h,0.228442558523197
t3_15567s,0.230399034723972
t3_1lsr9x,0.243595133670773
t3_1d96q8,0.331919499985457
t3_r1xtu,0.217812112514523
t3_1exwmo,0.219025048648609
t3_k4m4x,0.220081764690127
t3_15e251,0.229660329869852
t3_1ma7rd,0.245502299007392
t3_jgtfw,0.236405539983533
t3_18droz,0.233380912468769
t3_phmbn,0.21798660366614
t3_n6s1i,0.224966173462575
t3_htxnw,0.227153495146924
t3_wkd6l,0.222101953164431
t3_1i8b15,0.227961759008404
t3_17ovhi,0.233542143997553
t3_ngtw8,0.217812112514523
t3_jedff,0.230358466182517
t3_1iv2s8,0.223941917501397
t3_iynyd,0.226496332104845
t3_vi2qo,0.228587147874365
t3_nz2df,0.225030152187129
t3_rkhub,0.234603184129247
t3_jmr1j,0.222192828484698
t3_iwavb,0.217812112514523
t3_iv6eu,0.217812112514523
t3_j6nr5,0.226185911569494
t3_1cniq6,0.241489938091244
t3_q0c6k,0.217812112514523
t3_1mufdh,0.251062572962108
t3_1bw1b9,0.225093311497715
t3_ico94,0.217812112514523
t3_vipop,0.226609441779313
t3_1iwdep,0.257987427746319
t3_1izd63,0.246463643319448
t3_1m9j1d,0.450766917519312
t3_1g5pyx,0.229312116447815
t3_v7tzf,0.217812112514523
t3_jog1v,0.217812112514523
t3_pe8md,0.219899720664177
t3_kxlzo,0.221431365976161
t3_kz2ws,0.220757175088257
t3_1ee1fp,0.355965141278589
t3_khxzm,0.217812112514523
t3_1166u8,0.217812112514523
t3_wj4na,0.22827911473786
t3_11lg2f,0.276782464050755
t3_1iwg9n,0.251477162494499
t3_vjgu4,0.226459622021683
t3_1275dw,0.217812112514523
t3_16w1fs,0.276691196518989
t3_1lxlbw,0.226593721593088
t3_ojw1m,0.235792755099976
t3_1jart1,0.236124435226169
t3_yf6n3,0.391921108773915
t3_1n859f,0.22783857368922
t3_n993g,0.217812112514523
t3_jzi49,0.217812112514523
t3_tv7zq,0.642818025771539
t3_opj7h,0.223783957595782
t3_12jio7,0.220822546685579
t3_1loyn7,0.219053627810932
t3_12c6hf,0.217812112514523
t3_pzish,0.232246937912335
t3_1h05vp,0.227259176852489
t3_110efm,0.218864988918915
t3_xa98e,0.551100022193873
t3_xgrpi,0.217812112514523
t3_1h29mo,0.558674741907057
t3_niode,0.226945942565537
t3_hy49h,0.219149310360911
t3_1eluz0,0.242362118431659
t3_12eoc9,0.218239480652897
t3_1necw3,0.284695753461662
t3_1lw16j,0.220051486303394
t3_ihh90,0.217812112514523
t3_jyepv,0.225237641539577
t3_kqf8k,0.217812112514523
t3_m9h42,0.332542417095071
t3_ikck4,0.222107279004053
t3_vzfp5,0.365492738196419
t3_1mhbok,0.248516393545954
t3_150x3u,0.221796301336791
t3_rdsa5,0.21935582280222
t3_1k175h,0.231513192169525
t3_xu8em,0.242410361182071
t3_w7fjy,0.217812112514523
t3_xnrho,0.219225323714407
t3_1n6wjw,0.221301226996195
t3_15fud8,0.225868068178126
t3_11hnoe,0.220481400772101
t3_jmnl8,0.219463149896128
t3_1kkv09,0.217833604295517
t3_ngvgh,0.217812112514523
t3_jx94c,0.217812112514523
t3_xwxmj,0.217812112514523
t3_iwfd1,0.217812112514523
t3_10hpsk,0.223743543412706
t3_hvwav,0.234425625328048
t3_snqsi,0.217812112514523
t3_icqr9,0.222560578383913
t3_ibz1b,0.241199537405632
t3_iay69,0.217812112514523
t3_11zblm,0.237527840312705
t3_wzkmu,0.217941684357153
t3_1crpj5,0.235514449142748
t3_iczu2,0.217812112514523
t3_wns9p,0.217812112514523
t3_1invu0,0.240480583487452
t3_m2hic,0.227649831548888
t3_vi9dc,0.217812112514523
t3_pimge,0.232438953895648
t3_i7adt,0.222883538074622
t3_15e9dq,0.264481490278376
t3_1czkj9,0.218023352783915
t3_1btf55,0.22849165963071
t3_yifuj,0.217812112514523
t3_zh4v4,0.217812112514523
t3_paght,0.217812112514523
t3_1bmaeo,0.270940356028922
t3_1mnkgu,0.244109954470483
t3_1hdqo9,0.23575334999177
t3_12lbis,0.217812112514523
t3_1hcumf,0.233913257337974
t3_11s3p3,0.225365657209724
t3_1dkhn2,0.380649658186683
t3_onxcv,0.217812112514523
t3_1g5q8a,0.241559202462874
t3_16lcq8,0.223523811969479
t3_17gi30,0.236797241236337
t3_ibs5y,0.217812112514523
t3_1cs2px,0.309334558458221
t3_v4w93,0.227161254065689
t3_1n1axt,0.258919801900817
t3_ihko3,0.217812112514523
t3_1896rw,0.222007142909847
t3_125i9k,0.229414644262991
t3_ww56x,0.217982802457834
t3_uj7th,0.217812112514523
t3_xsnoi,0.217912978309619
t3_jyi06,0.233713289788094
t3_yxnzv,0.217812112514523
t3_l4640,0.224450836902421
t3_1dnss4,0.220190156226991
t3_1359u2,0.229081475562515
t3_s4r05,0.22385030214745
t3_j16ec,0.229632164212447
t3_zpi3v,0.217812112514523
t3_pyewj,0.217812112514523
t3_ychfj,0.234311508896281
t3_l4pgj,0.239001859479306
t3_1llkaa,0.254675618255644
t3_wj3qa,0.222167859530004
t3_zy61w,0.218667420461546
t3_1dize8,0.229761604748077
t3_1f7t8i,0.217812112514523
t3_1lerlv,0.217812112514523
t3_1meieg,0.226961982424155
t3_156xcj,0.235352806640224
t3_j8iuv,0.227368792348469
t3_irgvc,0.217812112514523
t3_qyedt,0.217812112514523
t3_u95c6,0.221578473303259
t3_1e97au,0.222602853182845
t3_wp8uc,0.218113514660974
t3_sst1u,0.217812112514523
t3_1c63lb,0.272610033528926
t3_o85l6,0.217812112514523
t3_idivc,0.217812112514523
t3_k45dt,0.218244034824969
t3_19ywdh,0.222536070701389
t3_kf0cy,0.234016804460038
t3_137zgp,0.249904634233815
t3_1gx8mx,0.372980829382505
t3_tvndu,0.237742163873083
t3_zsgtc,0.237321060801195
t3_l4n9w,0.224272690017569
t3_mjeye,0.217812112514523
t3_mz1mg,0.217812112514523
t3_jgbs9,0.249734374364844
t3_1gnaod,0.217812112514523
t3_hrz9i,0.238908276265812
t3_1me64e,0.258352534681817
t3_idq7h,0.217812112514523
t3_ys5ol,0.248489253949525
t3_1lezr3,0.321113460697689
t3_lnwd6,0.224166008764057
t3_zwbh8,0.227215248407421
t3_1ctkfz,0.225695021938309
t3_1kn4ge,0.241711812481042
t3_1l10qa,0.226735907486183
t3_177ayp,0.273417360730683
t3_jijg7,0.23775922191531
t3_16vnjz,0.433888957169871
t3_1nbk1o,0.221241600438043
t3_vem93,0.219156731071892
t3_o6e99,0.22996675368407
t3_jahvc,0.217812112514523
t3_k62zb,0.222752675354869
t3_1n351g,0.270220112170556
t3_11tjwv,0.262433582862259
t3_14ux4w,0.224028803407611
t3_ijhc3,0.217812112514523
t3_1j6f3u,0.218967666912382
t3_w21z2,0.221973406871911
t3_j82a6,0.217812112514523
t3_pm783,0.229532298744585
t3_v3r93,0.218259938462213
t3_1jimga,0.234687301932549
t3_idti4,0.218727181144533
t3_mjkln,0.227991908953867
t3_y2ne5,0.217812112514523
t3_xry1e,0.363465468691935
t3_qceuc,0.218979698989917
t3_16noen,0.225620807984641
t3_1ee39k,0.255432988056635
t3_1eq5xl,0.230825308930739
t3_mrkl3,0.22992481253483
t3_ojet5,0.217812112514523
t3_v0ki0,0.217812112514523
t3_jq47k,0.217812112514523
t3_1fqoyo,0.222050626184758
t3_vbb3v,0.217812112514523
t3_1k62l3,0.235357714244041
t3_12p4pv,0.235725244510371
t3_i37e6,0.217812112514523
t3_if7vp,0.225938351587679
t3_kvy1i,0.220421055197963
t3_xd0ls,0.221819793492963
t3_rirnq,0.217812112514523
t3_mco6n,0.226549086685851
t3_13tugz,0.219447078196669
t3_k0ilx,0.245509041053674
t3_ibat9,0.230572217149998
t3_m42qj,0.222683349166956
t3_1cucx0,0.218675446333053
t3_zjfck,0.226700383232067
t3_1iv5aj,0.24508623513364
t3_u7z81,0.233979380335069
t3_ke8v1,0.236464398694792
t3_t6s95,0.219962131670661
t3_w3y90,0.218847067374592
t3_vvs2c,0.217812112514523
t3_hupa5,0.238345324699677
t3_zf126,0.217812112514523
t3_v18x3,0.223897705947173
t3_my9b0,0.223307152794511
t3_10kngj,0.288281533493061
t3_is415,0.217812112514523
t3_io8w1,0.221388396680522
t3_jatqy,0.231290842683983
t3_yz9sf,0.228352610089889
t3_k4z3q,0.222015549672368
t3_1bird0,0.389641058788388
t3_1cjq75,0.232732093878302
t3_1cle36,0.217812112514523
t3_1cgw6n,0.225137776623664
t3_yvb02,0.222084187873277
t3_jzmij,0.217812112514523
t3_iii4u,0.276246772509244
t3_jmyq9,0.236029393811538
t3_kr3gt,0.217812112514523
t3_w8rkv,0.217812112514523
t3_12x5q1,0.217822299970252
t3_jshkp,0.217812112514523
t3_1o9hi0,0.457043194192827
t3_u64m1,0.371672431643773
t3_1cylzs,0.223191450482678
t3_icou8,0.217812112514523
t3_jvh8u,0.220344817344329
t3_rzjzd,0.224102244806724
t3_mxzhx,0.22786955552705
t3_vwclz,0.236824471634246
t3_wxsh1,0.217812112514523
t3_k3ki7,0.223211560130859
t3_j6283,0.217812112514523
t3_mxya9,0.231838336391542
t3_1aduwk,0.366768637550579
t3_ot2tt,0.229529596414784
t3_1lvsn9,0.226272006056664
t3_1cysab,0.231894480338291
t3_nhqn0,0.229839336615156
t3_1109ba,0.217812112514523
t3_11sa5p,0.24595236043346
t3_16wls1,0.224582318570996
t3_1i8cqz,0.244326359533722
t3_wwkkm,0.217812112514523
t3_110gio,0.251482496659619
t3_inmlb,0.229534619611905
t3_k3ocx,0.239590357333765
t3_1hz09s,0.285078013071572
t3_1mzio9,0.222307291399577
t3_lb1w0,0.220872201392926
t3_1crwei,0.218475589689291
t3_q5961,0.217812112514523
t3_lxx3z,0.221511001899822
t3_16appe,0.231870909616894
t3_1adg49,0.217812112514523
t3_iyk1y,0.248823126969566
t3_1iw0gf,0.233414663738744
t3_x1o1v,0.236293632056907
t3_1m23pg,0.240191943519635
t3_yintm,0.223432790163531
t3_ts9p3,0.297310616004279
t3_z9ck0,0.236916435354199
t3_th40x,0.256720333572022
t3_icon7,0.217812112514523
t3_t0mtn,0.217812112514523
t3_juayz,0.230199477046192
t3_mzfsp,0.217812112514523
t3_14exjy,0.245095935138129
t3_1c7725,0.222980515415105
t3_1ifyzz,0.493199644083301
t3_i96f9,0.217812112514523
t3_kbmyh,0.256515404928754
t3_170pqr,0.223931059127797
t3_sqwpp,0.269757536208991
t3_1553el,0.22906885170007
t3_ikbu8,0.217812112514523
t3_y6aab,0.221933229082461
t3_1fxma9,0.22442556523855
t3_18gj1h,0.220294166267899
t3_o0jew,0.217812112514523
t3_1jpkbf,0.244140632747097
t3_idu38,0.217812112514523
t3_lhjci,0.332690655735015
t3_1d3hd7,0.223431512989961
t3_150b65,0.218761113062101
t3_rjp1j,0.217812112514523
t3_k30r3,0.228380680420588
t3_1hav4d,0.246861362454112
t3_1a5ixr,0.257678985868693
t3_pxd37,0.224225744515383
t3_1djtso,0.230481664578457
t3_14ezoh,0.222487219968325
t3_12obj5,0.217812112514523
t3_nqwjm,0.590998714101724
t3_oifsx,0.217812112514523
t3_1f45sh,0.217812112514523
t3_1fr5bm,0.235858410588962
t3_r7odh,0.224247190482012
t3_1kmou4,0.21986456545381
t3_17pzg4,0.236977975485844
t3_i0miz,0.234873127889976
t3_il0s0,0.22056099392139
t3_1l5uzx,0.225942092101859
t3_1evpom,0.233017244492818
t3_idy6k,0.218287516180169
t3_sshis,0.278119500008948
t3_1blxrm,0.233870825037105
t3_1esd91,0.258011574414148
t3_vai9m,0.232403538829889
t3_ne3jr,0.217812112514523
t3_1nm9os,0.223922850110115
t3_ledhr,0.224703173929367
t3_pw02q,0.217812112514523
t3_irgbj,0.24008823882929
t3_xd9hv,0.271354858034504
t3_icu7p,0.217812112514523
t3_1d8yob,0.246599323494164
t3_l4xry,0.220729875443383
t3_112jsu,0.217812112514523
t3_kly75,0.227623178245011
t3_ifrfv,0.217812112514523
t3_x8mp3,0.217812112514523
t3_x2qzw,0.220957842288468
t3_13u1al,0.222761119329815
t3_xnwf2,0.246295630048436
t3_xf1p9,0.220648905433694
t3_jjz0j,0.217812112514523
t3_k08dr,0.223324928204435
t3_1af9hg,0.243998535848703
t3_tl8gg,0.232481396545995
t3_qdtn7,0.217812112514523
t3_ubnwm,0.243452175209631
t3_s14x9,0.217976910597486
t3_157g5c,0.230375914376597
t3_y9nfg,0.249994689932708
t3_tfqnk,0.242782591389995
t3_1lxsiq,0.246077298067505
t3_r1boq,0.217812112514523
t3_14ihpw,0.220617276501344
t3_12124d,0.217812112514523
t3_10o1th,0.217812112514523
t3_1blyk4,0.217812112514523
t3_jxj0w,0.217812112514523
t3_12vddw,0.238945233883389
t3_1kow8l,0.24213591864056
t3_llfug,0.225449209909912
t3_1fqagd,0.232772465023449
t3_pfs19,0.217812112514523
t3_185q0b,0.30402525487888
t3_th6m0,0.224976641200003
t3_1ma6le,0.228987803345845
t3_k0q1w,0.221187815967523
t3_15xp2y,0.226495656992144
t3_vpe62,0.217813275654421
t3_12gbgy,0.404779868091015
t3_jtsb9,0.217812112514523
t3_wly8k,0.217812112514523
t3_j2k0d,0.229779991251233
t3_1j4tf5,0.24885995793887
t3_yfjn0,0.219673564557461
t3_1cot73,0.362669911012411
t3_n81pv,0.225510277323734
t3_ijnhm,0.226542473512523
t3_1493gl,0.226354837618802
t3_1i4pcy,0.283175953376451
t3_n5o88,0.217812112514523
t3_mrgd3,0.26190895027968
t3_1fqv6l,0.221612978767225
t3_mscj8,0.219752572796821
t3_tiyor,0.248599006840858
t3_l4rl8,0.242683786314697
t3_1e2v32,0.21795131360504
t3_r7sgr,0.341298936776343
t3_t0krh,0.252902101797525
t3_iregv,0.217812112514523
t3_ndcvq,0.225621639591849
t3_w3ldb,0.217812112514523
t3_q3io5,0.23032485188813
t3_smcni,0.283321751996951
t3_zzsho,0.217812112514523
t3_pr3p3,0.223856646883856
t3_1hluyc,0.229156400537155
t3_k025c,0.221970727858768
t3_1go8c1,0.222290641437472
t3_ihhbr,0.217812112514523
t3_1ckfzz,0.292916626547529
t3_1l7ksf,0.231170084625162
t3_vawcb,0.217812112514523
t3_mody8,0.245550572453418
t3_1foy3z,0.236616117060609
t3_qzu4g,0.236247166176508
t3_lmb89,0.220813754119094
t3_1m53fu,0.238237523243943
t3_10cy64,0.217952015907625
t3_m7m7l,0.223332704637808
t3_1lfrlc,0.223407667671162
t3_iihye,0.217812112514523
t3_xn5hp,0.232860132215886
t3_ro9ud,0.234935555434908
t3_kx1pn,0.219872212621058
t3_1cn0h3,0.219987139811118
t3_zq12j,0.217812112514523
t3_1br2hm,0.224351769915707
t3_knttk,0.226447005876376
t3_11wza2,0.219573815987756
t3_iwbsf,0.221562942848629
t3_nys7g,0.218545248961092
t3_17pmtu,0.220715133921861
